gene	baseMean	log2FoldChange	lfcSE	stat	pvalue	padj
ENSG00000160191	76894.47743480284	3.070356702570299	0.1555605031932542	19.73737960178727	1.0298208858805734e-86	2.358289828666513e-84
ENSG00000154734	22852.260099564348	3.4408223751343185	0.17920824431397878	19.200134392845698	3.691357074790726e-82	4.226603850635381e-80
ENSG00000154723	7340.342941891762	2.580741913772023	0.16411652878238775	15.725057877588846	1.0185771518848756e-55	7.77513892605455e-54
ENSG00000180509	30215.496601529474	2.942041713881954	0.20043315479354495	14.678418432880466	8.863373237208088e-49	5.07428117830163e-47
ENSG00000183145	9989.010164752783	2.8897115013150634	0.24890605922252013	11.609647070631105	3.6813190513110926e-31	1.6860441255004803e-29
ENSG00000276289	11789.291881910884	2.858905371552741	0.4642175865460204	6.158546023265153	7.341584979256302e-10	2.802038267082822e-8
ENSG00000277277	724.3731076957176	0.9264529346121759	0.264110980478488	3.5078168008529125	4.518000605511069e-4	0.014780316266600499
